Date,Day,Calories Burned,Steps,Distance,Floors,Minutes Sedentary,Minutes Lightly Active,Minutes Fairly Active,Minutes Very Active,Activity Calories,,,,,
6/1/18,Fri,"2,695","6,862",3.19,0,812,216,35,4,"1,151",,Mon,332199,6388.4,
6/2/18,Sat,"2,499","5,710",2.65,0,"1,123",162,26,11,893,,Tue,349176,6714.9,
6/3/18,Sun,"2,908","12,163",5.65,0,648,244,20,34,"1,423",,Wed,323409,6219.4,
6/4/18,Mon,"2,775","10,262",4.83,0,"1,196",186,7,51,"1,203",,Thu,359540,6914.2,
6/5/18,Tue,"2,963","11,300",5.25,0,998,259,16,24,"1,411",,Fri,357632,6877.5,
6/6/18,Wed,"1,712",53,0.02,0,"1,000",6,0,0,22,,Sat,446928,8594.8,
6/7/18,Thu,"1,696",22,0.01,0,"1,440",0,0,0,0,,Sun,461101,8867.3,
6/8/18,Fri,"2,456","5,835",2.71,0,"1,217",194,24,5,996,,,,,
6/9/18,Sat,"1,689",0,0,0,"1,440",0,0,0,0,,,,,
6/10/18,Sun,"1,689",0,0,0,"1,440",0,0,0,0,,,,,
6/11/18,Mon,"1,689",0,0,0,"1,440",0,0,0,0,,,,,
6/12/18,Tue,"1,689",0,0,0,"1,440",0,0,0,0,,,,,
6/13/18,Wed,"1,689",0,0,0,"1,440",0,0,0,0,,#NUM!,,,
6/14/18,Thu,"1,689",0,0,0,"1,440",0,0,0,0,,,,,
6/15/18,Fri,"1,689",0,0,0,"1,440",0,0,0,0,,256,,,
6/16/18,Sat,"1,689",0,0,0,"1,440",0,0,0,0,,,,,
6/17/18,Sun,"1,689",0,0,0,"1,440",0,0,0,0,,0.7,0.3,0.881290899,
6/18/18,Mon,"1,689",0,0,0,"1,440",0,0,0,0,,0.67,0.33,0.914926373,
6/19/18,Tue,"1,689",0,0,0,"1,440",0,0,0,0,,0.75,0.25,0.811278124,0.863102249
6/20/18,Wed,"1,689",0,0,0,"1,440",0,0,0,0,,,,,
6/21/18,Thu,"1,689",0,0,0,"1,440",0,0,0,0,,,,,
6/22/18,Fri,"1,689",0,0,0,"1,440",0,0,0,0,,,,,
6/23/18,Sat,"1,900","5,835",2.71,0,"1,440",0,0,0,0,,,,,
6/24/18,Sun,"2,030","2,965",1.38,0,"1,324",116,0,0,453,,,,,
6/25/18,Mon,"2,593","6,890",3.2,0,727,292,0,0,"1,165",,,,,
6/26/18,Tue,"2,455","6,027",2.8,0,807,233,0,0,949,,,,,
6/27/18,Wed,"2,380","4,702",2.18,0,751,190,0,0,804,,,,,
6/28/18,Thu,"2,521","6,791",3.15,0,709,280,0,0,"1,084",,,,,
6/29/18,Fri,"2,353","5,680",2.64,0,787,219,0,0,843,,,,,
6/30/18,Sat,"2,692","7,610",3.53,0,458,302,0,0,"1,280",,,,,
7/1/18,Sun,"2,579","6,608",3.07,0,894,159,62,6,"1,067",,,,,
7/2/18,Mon,"2,347","5,106",2.37,0,659,158,25,0,797,,,,,
7/3/18,Tue,"2,598","6,769",3.14,0,729,207,33,9,"1,079",,,,,
7/4/18,Wed,"3,965","20,780",9.65,0,568,247,96,126,"2,714",,,,,
7/5/18,Thu,"2,303","4,516",2.1,0,893,191,0,0,729,,,,,
7/6/18,Fri,"2,582","6,987",3.24,0,662,276,13,1,"1,139",,,,,
7/7/18,Sat,"2,885","11,494",5.37,0,717,276,14,29,"1,452",,,,,
7/8/18,Sun,"2,944","10,983",5.13,0,600,226,34,45,"1,528",,,,,
7/9/18,Mon,"2,604","5,314",2.47,0,956,234,10,0,"1,029",,,,,
7/10/18,Tue,"2,962","6,499",3.02,0,751,211,90,17,"1,555",,,,,
7/11/18,Wed,"2,438","6,475",3.01,0,940,190,7,7,839,,,,,
7/12/18,Thu,"2,674","8,614",4,0,822,145,3,33,892,,,,,
7/13/18,Fri,"2,473","6,199",2.88,0,878,220,0,0,891,,,,,
7/14/18,Sat,"2,552","8,643",4.01,0,762,190,20,15,"1,055",,,,,
7/15/18,Sun,"3,027","9,850",4.57,0,695,250,50,32,"1,608",,,,,
7/16/18,Mon,"2,730","6,185",2.87,0,722,174,61,12,"1,191",,,,,
7/17/18,Tue,"2,804","10,935",5.39,0,792,169,4,62,"1,254",,,,,
7/18/18,Wed,"2,302","4,290",1.99,0,802,166,7,0,692,,,,,
7/19/18,Thu,"2,413","5,028",2.33,0,757,196,29,0,924,,,,,
7/20/18,Fri,"2,229","3,611",1.68,0,856,139,9,2,634,,,,,
7/21/18,Sat,"1,707",85,0.04,0,"1,437",3,0,0,15,,,,,
7/22/18,Sun,"3,193","12,091",5.61,0,611,278,87,29,"1,879",,,,,
7/23/18,Mon,"2,894","9,837",4.6,0,758,203,31,46,"1,441",,,,,
7/24/18,Tue,"2,601","8,551",3.97,0,810,201,20,23,"1,129",,,,,
7/25/18,Wed,"2,472","6,250",2.9,0,898,221,18,0,999,,,,,
7/26/18,Thu,"2,731","7,663",3.56,0,618,266,40,5,"1,314",,,,,
7/27/18,Fri,"2,428","6,047",2.81,0,855,219,0,0,885,,,,,
7/28/18,Sat,"3,161","13,220",6.31,0,819,199,12,75,"1,695",,,,,
7/29/18,Sun,"2,666","6,777",3.15,0,731,190,54,5,"1,188",,,,,
7/30/18,Mon,"2,271","4,058",1.88,0,719,165,9,3,712,,,,,
7/31/18,Tue,"2,367","5,249",2.42,0,955,206,0,0,808,,,,,
8/1/18,Wed,"2,564","8,059",3.74,0,829,288,0,0,"1,116",,,,,
8/2/18,Thu,"2,027","2,271",1.05,0,"1,051",102,0,0,382,,,,,
8/3/18,Fri,"2,846","10,220",4.95,0,626,198,16,47,"1,342",,,,,
8/4/18,Sat,"3,656","20,233",9.46,0,650,302,60,86,"2,349",,,,,
8/5/18,Sun,"4,076","14,288",6.83,0,595,182,70,165,"2,790",,,,,
8/6/18,Mon,"2,250","3,913",1.82,0,"1,062",148,9,2,673,,,,,
8/7/18,Tue,"2,357","4,684",2.17,0,891,190,0,0,758,,,,,
8/8/18,Wed,"2,224","4,058",1.88,0,"1,040",153,0,0,627,,,,,
8/9/18,Thu,"3,125","11,271",5.51,0,"1,026",217,27,66,"1,676",,,,,
8/10/18,Fri,"2,676","6,250",2.9,0,742,234,11,1,"1,132",,,,,
8/11/18,Sat,"2,225","3,630",1.68,0,889,143,15,0,638,,,,,
8/12/18,Sun,"1,837",423,0.2,0,"1,238",32,0,0,161,,,,,
8/13/18,Mon,"1,700",72,0.03,0,"1,435",5,0,0,16,,,,,
8/14/18,Tue,"2,093","2,678",1.24,0,"1,323",106,11,0,498,,,,,
8/15/18,Wed,"2,578","5,704",2.65,0,707,183,0,0,840,,,,,
8/16/18,Thu,"2,361","6,223",2.89,0,"1,032",128,17,13,761,,,,,
8/17/18,Fri,"2,578","7,577",3.52,0,993,189,12,8,973,,,,,
8/18/18,Sat,"2,499","4,380",2.03,0,928,205,0,0,885,,,,,
8/19/18,Sun,"2,878","7,825",3.63,0,708,263,27,16,"1,448",,,,,
8/20/18,Mon,"2,477","4,691",2.18,0,813,193,0,0,876,,,,,
8/21/18,Tue,"2,528","3,515",1.63,0,900,156,11,3,796,,,,,
8/22/18,Wed,"2,574","5,591",2.6,0,829,201,27,5,"1,055",,,,,
8/23/18,Thu,"2,420","4,310",2,0,899,132,41,10,858,,,,,
8/24/18,Fri,"2,776","5,529",2.57,0,972,172,48,19,"1,184",,,,,
8/25/18,Sat,"2,767","6,454",3,0,765,282,18,2,"1,327",,,,,
8/26/18,Sun,"2,833","9,355",4.34,0,651,248,52,16,"1,440",,,,,
8/27/18,Mon,"2,260","3,918",1.82,0,"1,111",165,0,0,622,,,,,
8/28/18,Tue,"2,703","7,517",3.49,0,760,222,38,7,"1,172",,,,,
8/29/18,Wed,"2,428","5,115",2.37,0,755,220,0,0,861,,,,,
8/30/18,Thu,"2,686","7,440",3.45,0,831,160,19,7,921,,,,,
8/31/18,Fri,"2,285","5,397",2.51,0,911,145,0,0,674,,,,,
9/1/18,Sat,"2,058","2,295",1.07,0,916,103,8,2,464,,,,,
9/2/18,Sun,"1,689",0,0,0,"1,440",0,0,0,0,,,,,
9/3/18,Mon,"2,216","3,477",1.61,0,"1,181",113,26,3,652,,,,,
9/4/18,Tue,"2,466","5,801",2.69,0,806,212,13,2,966,,,,,
9/5/18,Wed,"2,712","7,484",3.47,0,705,229,10,12,"1,143",,,,,
9/6/18,Thu,"2,878","6,927",3.22,0,969,207,89,12,"1,456",,,,,
9/7/18,Fri,"2,610","6,780",3.15,0,641,253,0,0,"1,083",,,,,
9/8/18,Sat,"3,305","10,889",5.05,0,622,366,55,3,"2,008",,,,,
9/9/18,Sun,"2,890","8,003",3.71,0,634,301,24,4,"1,495",,,,,
9/10/18,Mon,"2,084","2,902",1.35,0,878,101,10,0,460,,,,,
9/11/18,Tue,"2,485","5,123",2.38,0,927,211,13,0,951,,,,,
9/12/18,Wed,"2,578","6,078",2.82,0,779,163,34,17,"1,032",,,,,
9/13/18,Thu,"2,563","5,769",2.68,0,757,263,0,0,"1,032",,,,,
9/14/18,Fri,"2,162","3,359",1.56,0,"1,144",135,0,0,538,,,,,
9/15/18,Sat,"3,078","10,549",5.23,0,738,210,37,50,"1,614",,,,,
9/16/18,Sun,"2,724","7,776",3.61,0,835,273,8,0,"1,247",,,,,
9/17/18,Mon,"2,360","4,259",1.98,0,837,192,0,0,803,,,,,
9/18/18,Tue,"3,272","12,750",5.92,0,840,229,99,40,"1,909",,,,,
9/19/18,Wed,"2,871","10,294",4.78,0,735,198,40,39,"1,408",,,,,
9/20/18,Thu,"3,291","14,597",6.78,0,837,121,52,129,"1,871",,,,,
9/21/18,Fri,"2,606","6,773",3.14,0,"1,230",178,25,7,"1,075",,,,,
9/22/18,Sat,"2,989","10,410",5.21,0,722,208,22,51,"1,520",,,,,
9/23/18,Sun,"2,989","11,040",5.12,0,672,284,36,15,"1,612",,,,,
9/24/18,Mon,"2,882","11,847",5.5,0,800,158,54,50,"1,433",,,,,
9/25/18,Tue,"2,491","6,091",2.83,0,810,225,11,0,970,,,,,
9/26/18,Wed,"2,651","6,495",3.01,0,774,118,23,19,836,,,,,
9/27/18,Thu,"2,516","8,384",3.89,0,958,191,8,11,"1,002",,,,,
9/28/18,Fri,"2,266","3,621",1.68,0,925,126,8,3,624,,,,,
9/29/18,Sat,"2,870","7,092",3.29,0,"1,134",243,44,19,"1,489",,,,,
9/30/18,Sun,"2,721","8,406",3.9,0,693,276,10,2,"1,252",,,,,
10/1/18,Mon,"2,137","3,091",1.43,0,940,130,0,0,496,,,,,
10/2/18,Tue,"2,286","4,761",2.21,0,"1,006",178,0,0,705,,,,,
10/3/18,Wed,"2,696","8,057",3.74,0,852,227,0,25,"1,199",,,,,
10/4/18,Thu,"2,662","7,395",3.43,0,708,294,0,0,"1,212",,,,,
10/5/18,Fri,"2,478","6,095",2.83,0,759,227,14,0,953,,,,,
10/6/18,Sat,"2,826","8,457",3.93,0,865,280,27,7,"1,395",,,,,
10/7/18,Sun,"2,381","5,858",2.72,0,601,204,0,0,842,,,,,
10/8/18,Mon,"2,828","8,254",3.83,0,539,150,70,28,"1,301",,,,,
10/9/18,Tue,"2,428","5,188",2.41,0,861,211,0,0,866,,,,,
10/10/18,Wed,"2,095","2,973",1.38,0,869,125,0,0,493,,,,,
10/11/18,Thu,"2,528","5,916",2.75,0,818,228,14,0,992,,,,,
10/12/18,Fri,"2,631","7,346",3.41,0,958,210,0,0,957,,,,,
10/13/18,Sat,"2,509","6,611",3.07,0,808,165,5,9,863,,,,,
10/14/18,Sun,"2,267","5,158",2.39,0,896,124,0,0,582,,,,,
10/15/18,Mon,"2,918","8,256",3.83,0,719,345,24,2,"1,565",,,,,
10/16/18,Tue,"2,905","7,489",3.48,0,720,262,60,6,"1,512",,,,,
10/17/18,Wed,"2,556","6,555",3.04,0,738,258,7,2,"1,059",,,,,
10/18/18,Thu,"2,921","8,853",4.11,0,813,258,48,9,"1,455",,,,,
10/19/18,Fri,"3,030","11,590",5.38,0,805,187,46,69,"1,592",,,,,
10/20/18,Sat,"2,924","10,462",4.86,0,649,234,56,33,"1,521",,,,,
10/21/18,Sun,"2,462","6,265",2.91,0,645,246,10,0,"1,013",,,,,
10/22/18,Mon,"1,761",629,0.29,0,"1,042",28,0,0,100,,,,,
10/23/18,Tue,"1,689",0,0,0,"1,440",0,0,0,0,,,,,
10/24/18,Wed,"2,474","3,878",1.8,0,"1,237",203,0,0,916,,,,,
10/25/18,Thu,"2,617","4,770",2.21,0,739,228,25,2,"1,113",,,,,
10/26/18,Fri,"2,383","4,959",2.3,0,878,220,0,0,844,,,,,
10/27/18,Sat,"3,283","14,397",6.68,0,547,337,46,42,"1,998",,,,,
10/28/18,Sun,"3,119","9,646",4.48,0,656,352,54,6,"1,826",,,,,
10/29/18,Mon,"2,331","4,437",2.06,0,830,185,0,0,772,,,,,
10/30/18,Tue,"3,113","10,003",4.85,0,"1,108",221,79,32,"1,741",,,,,
10/31/18,Wed,"3,013","10,009",4.65,0,646,309,25,4,"1,590",,,,,
11/1/18,Thu,"2,558","6,309",2.93,0,792,212,37,3,"1,081",,,,,
11/2/18,Fri,"2,559","6,932",3.22,0,618,285,0,0,"1,120",,,,,
11/3/18,Sat,"2,512","4,896",2.27,0,759,228,17,2,"1,045",,,,,
11/4/18,Sun,"3,255","15,554",7.58,0,656,240,20,75,"1,813",,,,,
11/5/18,Mon,"2,303","4,677",2.17,0,893,197,0,0,760,,,,,
11/6/18,Tue,"2,084","3,158",1.47,0,905,113,0,0,468,,,,,
11/7/18,Wed,"2,525","5,845",2.71,0,821,192,17,4,969,,,,,
11/8/18,Thu,"2,923","8,953",4.16,0,902,169,36,30,"1,185",,,,,
11/9/18,Fri,"2,586","9,782",4.54,0,749,141,12,36,996,,,,,
11/10/18,Sat,"2,793","8,756",4.06,0,785,309,10,0,"1,365",,,,,
11/11/18,Sun,"3,255","13,434",6.24,0,658,330,23,51,"1,941",,,,,
11/12/18,Mon,"2,598","5,681",2.64,0,824,197,26,1,"1,060",,,,,
11/13/18,Tue,"2,101","2,633",1.22,0,908,121,0,0,488,,,,,
11/14/18,Wed,"2,676","5,973",2.77,0,701,228,40,3,"1,207",,,,,
11/15/18,Thu,"2,382","3,931",1.82,0,970,120,24,14,781,,,,,
11/16/18,Fri,"2,559","6,169",2.86,0,849,248,7,0,"1,037",,,,,
11/17/18,Sat,"3,066","9,523",4.42,0,637,360,22,0,"1,659",,,,,
11/18/18,Sun,"3,265","12,121",5.63,0,577,317,13,54,"1,902",,,,,
11/19/18,Mon,"2,518","5,533",2.57,0,781,247,0,0,995,,,,,
11/20/18,Tue,"2,393","5,859",2.76,0,837,221,0,0,872,,,,,
11/21/18,Wed,"2,381","5,432",2.56,0,745,241,0,0,896,,,,,
11/22/18,Thu,"3,547","18,761",9.06,0,471,289,92,67,"2,303",,,,,
11/23/18,Fri,"3,382","10,797",5.12,0,717,251,104,36,"2,034",,,,,
11/24/18,Sat,"3,224","10,005",4.72,0,640,317,77,19,"1,897",,,,,
11/25/18,Sun,"2,858","7,822",3.69,0,820,226,37,22,"1,378",,,,,
11/26/18,Mon,"2,521","6,381",3.01,0,712,236,13,2,"1,019",,,,,
11/27/18,Tue,"3,300","10,778",5.08,0,534,316,81,30,"2,016",,,,,
11/28/18,Wed,"2,749","7,022",3.31,0,843,253,8,8,"1,253",,,,,
11/29/18,Thu,"2,437","4,086",1.93,0,886,173,20,2,821,,,,,
11/30/18,Fri,"2,832","7,661",3.61,0,958,276,14,8,"1,356",,,,,
12/1/18,Sat,"3,404","12,329",5.81,0,289,396,78,1,"2,177",,,,,
12/2/18,Sun,"2,030","2,136",1.01,0,964,106,0,0,405,,,,,
12/3/18,Mon,"2,629","6,507",3.07,0,869,239,19,0,"1,103",,,,,
12/4/18,Tue,"3,626","9,303",4.39,0,423,211,174,49,"2,323",,,,,
12/5/18,Wed,"3,093","7,007",3.3,0,814,253,54,16,"1,653",,,,,
12/6/18,Thu,"2,469","5,957",2.81,0,926,225,15,0,961,,,,,
12/7/18,Fri,"2,665","6,410",3.02,0,667,225,26,10,"1,135",,,,,
12/8/18,Sat,"3,567","9,723",4.59,0,634,308,86,42,"2,229",,,,,
12/9/18,Sun,"4,015","12,812",6.04,0,560,307,186,47,"2,879",,,,,
12/10/18,Mon,"1,989","2,421",1.14,0,"1,005",93,0,0,362,,,,,
12/11/18,Tue,"2,419","6,233",2.94,0,773,225,0,0,898,,,,,
12/12/18,Wed,"3,231","11,634",5.49,0,607,397,36,2,"1,897",,,,,
12/13/18,Thu,"3,803","15,130",7.14,0,672,344,131,44,"2,596",,,,,
12/14/18,Fri,"3,733","12,241",5.77,0,504,326,129,37,"2,488",,,,,
12/15/18,Sat,"3,550","13,265",6.26,0,612,452,63,7,"2,310",,,,,
12/16/18,Sun,"4,482","21,577",10.18,0,536,425,191,51,"3,460",,,,,
12/17/18,Mon,"4,471","17,569",8.29,0,671,248,297,58,"3,391",,,,,
12/18/18,Tue,"2,914","12,158",5.73,0,592,389,0,0,"1,580",,,,,
12/19/18,Wed,"2,566","6,468",3.05,0,716,265,8,0,"1,059",,,,,
12/20/18,Thu,"3,548","11,804",5.57,0,988,310,103,28,"2,243",,,,,
12/21/18,Fri,"3,145","9,303",4.39,0,784,288,57,10,"1,676",,,,,
12/22/18,Sat,"3,135","11,824",5.58,0,509,334,30,1,"1,660",,,,,
12/23/18,Sun,"2,779","8,840",4.17,0,595,341,0,0,"1,369",,,,,
12/24/18,Mon,"3,387","15,780",7.44,0,635,342,85,30,"2,141",,,,,
12/25/18,Tue,"3,818","13,643",6.43,0,413,241,190,45,"2,530",,,,,
12/26/18,Wed,"2,738","4,692",2.21,0,863,166,47,10,"1,143",,,,,
12/27/18,Thu,"2,384","4,504",2.12,0,666,169,0,0,720,,,,,
12/28/18,Fri,"4,773","16,841",7.94,0,178,288,286,94,"3,753",,,,,
12/29/18,Sat,"4,337","14,663",6.92,0,339,280,224,67,"3,171",,,,,
12/30/18,Sun,"3,657","12,030",5.67,0,404,253,134,45,"2,344",,,,,
12/31/18,Mon,"3,487","10,059",4.74,0,512,331,96,17,"2,174",,,,,
1/1/19,Tue,"2,862","10,084",4.76,0,832,222,45,22,"1,352",,,,,
1/2/19,Wed,"2,774","8,847",4.17,0,820,253,39,4,"1,318",,,,,
1/3/19,Thu,"2,928","10,770",5.08,0,753,222,60,6,"1,394",,,,,
1/4/19,Fri,"2,545","4,871",2.3,0,774,181,38,0,983,,,,,
1/5/19,Sat,"3,639","10,421",4.91,0,567,339,137,15,"2,396",,,,,
1/6/19,Sun,"3,121","10,688",5.04,0,502,186,62,55,"1,635",,,,,
1/7/19,Mon,"2,910","6,948",3.28,0,892,231,52,9,"1,418",,,,,
1/8/19,Tue,"2,988","8,404",3.96,0,706,249,48,13,"1,438",,,,,
1/9/19,Wed,"2,887","10,168",4.8,0,756,320,14,1,"1,458",,,,,
1/10/19,Thu,"3,192","6,294",2.97,0,706,201,124,19,"1,778",,,,,
1/11/19,Fri,"3,025","5,817",2.74,0,683,227,70,18,"1,581",,,,,
1/12/19,Sat,"2,081","1,718",0.81,0,"1,349",43,43,5,465,,,,,
1/13/19,Sun,"2,799","8,934",4.21,0,843,304,22,2,"1,376",,,,,
1/14/19,Mon,"2,717","7,314",3.45,0,573,282,12,4,"1,258",,,,,
1/15/19,Tue,"2,840","7,393",3.49,0,750,244,52,3,"1,364",,,,,
1/16/19,Wed,"2,775","6,487",3.06,0,"1,437",3,0,0,10,,,,,
1/17/19,Thu,"2,297","5,417",2.55,0,"1,440",0,0,0,0,,,,,
1/18/19,Fri,"1,794",256,0.12,0,"1,440",0,0,0,0,,,,,
1/19/19,Sat,"3,314","8,570",4.04,0,"1,440",0,0,0,0,,,,,
1/20/19,Sun,"2,804","4,867",2.3,0,"1,440",0,0,0,0,,,,,
1/21/19,Mon,"3,051","7,188",3.39,0,"1,440",0,0,0,0,,,,,
1/22/19,Tue,"2,809","8,329",3.93,0,"1,440",0,0,0,0,,,,,
1/23/19,Wed,"2,801","8,241",3.89,0,"1,440",0,0,0,0,,,,,
1/24/19,Thu,"2,378","3,508",1.65,0,"1,440",0,0,0,0,,,,,
1/25/19,Fri,"2,952","9,543",4.5,0,"1,440",0,0,0,0,,,,,
1/26/19,Sat,"2,589","6,887",3.25,0,"1,440",0,0,0,0,,,,,
1/27/19,Sun,"2,578","7,798",3.68,0,"1,440",0,0,0,0,,,,,
1/28/19,Mon,"2,837","10,274",4.85,0,"1,440",0,0,0,0,,,,,
1/29/19,Tue,"2,518","5,880",2.77,0,"1,440",0,0,0,0,,,,,
1/30/19,Wed,"2,371","4,703",2.22,0,"1,440",0,0,0,0,,,,,
1/31/19,Thu,"3,580","10,666",5.03,0,"1,440",0,0,0,0,,,,,
2/1/19,Fri,"2,573","6,750",3.18,0,"1,440",0,0,0,0,,,,,
2/2/19,Sat,"3,193","11,758",5.55,0,"1,440",0,0,0,0,,,,,
2/3/19,Sun,"3,012","9,512",4.49,0,"1,440",0,0,0,0,,,,,
2/4/19,Mon,"2,736","9,207",4.34,0,"1,440",0,0,0,0,,,,,
2/5/19,Tue,"2,660","9,110",4.3,0,"1,440",0,0,0,0,,,,,
2/6/19,Wed,"2,385","4,807",2.27,0,"1,440",0,0,0,0,,,,,
2/7/19,Thu,"2,749","7,287",3.44,0,"1,440",0,0,0,0,,,,,
2/8/19,Fri,"2,992","9,552",4.5,0,"1,440",0,0,0,0,,,,,
2/9/19,Sat,"2,615","6,911",3.26,0,"1,232",159,37,12,"1,001",,,,,
2/10/19,Sun,"2,658","6,859",3.23,0,783,158,26,33,"1,081",,,,,
2/11/19,Mon,"2,747","5,688",2.68,0,848,189,59,7,"1,166",,,,,
2/12/19,Tue,"3,191","8,290",3.91,0,745,284,61,18,"1,759",,,,,
2/13/19,Wed,"2,943","6,087",2.87,0,649,252,45,9,"1,428",,,,,
2/14/19,Thu,"3,080","9,325",4.4,0,766,155,64,53,"1,520",,,,,
2/15/19,Fri,"2,507","3,608",1.7,0,737,177,20,6,873,,,,,
2/16/19,Sat,"2,943","10,200",4.81,0,821,251,44,10,"1,411",,,,,
2/17/19,Sun,"3,316","11,324",5.34,0,585,228,80,56,"1,909",,,,,
2/18/19,Mon,"2,837","4,601",2.17,0,"1,440",0,0,0,0,,,,,
2/19/19,Tue,"2,679","7,132",3.36,0,"1,380",60,0,0,222,,,,,
2/20/19,Wed,"2,648","7,686",3.62,0,"1,200",162,45,19,"1,063",,,,,
2/21/19,Thu,"2,827","7,988",3.77,0,789,179,35,25,"1,253",,,,,
2/22/19,Fri,"2,195","3,663",1.73,0,602,114,0,0,521,,,,,
2/23/19,Sat,"2,732","5,749",2.71,0,808,225,10,4,"1,095",,,,,
2/24/19,Sun,"3,261","13,940",6.57,0,568,212,92,43,"1,840",,,,,
2/25/19,Mon,"2,527","5,850",2.76,0,900,201,22,2,970,,,,,
2/26/19,Tue,"2,304","3,382",1.6,0,938,159,0,0,640,,,,,
2/27/19,Wed,"2,806","7,625",3.6,0,922,210,31,14,"1,245",,,,,
2/28/19,Thu,"2,551","5,680",2.68,0,"1,213",217,10,0,971,,,,,
3/1/19,Fri,"2,726","7,017",3.31,0,718,232,34,0,"1,180",,,,,
3/2/19,Sat,"2,821","8,220",3.88,0,732,182,54,20,"1,233",,,,,
3/3/19,Sun,"2,599","4,439",2.09,0,780,147,51,9,999,,,,,
3/4/19,Mon,"2,122","3,115",1.47,0,838,132,0,0,506,,,,,
3/5/19,Tue,"2,688","6,688",3.15,0,821,205,43,10,"1,174",,,,,
3/6/19,Wed,"2,624","4,743",2.24,0,760,175,26,7,"1,018",,,,,
3/7/19,Thu,"2,761","8,557",4.04,0,720,220,21,17,"1,199",,,,,
3/8/19,Fri,"2,969","7,819",3.75,0,817,141,75,44,"1,453",,,,,
3/9/19,Sat,"2,892","6,911",3.26,0,741,229,38,26,"1,422",,,,,
3/10/19,Sun,"3,038","9,678",4.56,0,740,299,51,7,"1,640",,,,,
3/11/19,Mon,"2,777","7,566",3.57,0,"1,440",0,0,0,0,,,,,
3/12/19,Tue,"2,398","3,803",1.79,0,"1,440",0,0,0,0,,,,,
3/13/19,Wed,"2,643","6,358",3,0,"1,440",0,0,0,0,,,,,
3/14/19,Thu,"2,676","6,392",3.01,0,"1,440",0,0,0,0,,,,,
3/15/19,Fri,"2,956","8,646",4.08,0,"1,440",0,0,0,0,,,,,
3/16/19,Sat,"3,074","10,134",4.78,0,"1,440",0,0,0,0,,,,,
3/17/19,Sun,"2,720","8,076",3.84,0,"1,440",0,0,0,0,,,,,
3/18/19,Mon,"3,046","5,744",2.71,0,"1,440",0,0,0,0,,,,,
3/19/19,Tue,"2,649","6,233",2.94,0,"1,440",0,0,0,0,,,,,
3/20/19,Wed,"2,679","7,614",3.59,0,"1,440",0,0,0,0,,,,,
3/21/19,Thu,"2,798","6,695",3.16,0,"1,440",0,0,0,0,,,,,
3/22/19,Fri,"3,233","11,008",5.19,0,"1,440",0,0,0,0,,,,,
3/23/19,Sat,"2,709","8,596",4.05,0,"1,440",0,0,0,0,,,,,
3/24/19,Sun,"2,821","10,271",4.84,0,"1,440",0,0,0,0,,,,,
3/25/19,Mon,"2,585","5,953",2.81,0,"1,440",0,0,0,0,,,,,
3/26/19,Tue,"3,092","8,886",4.19,0,"1,440",0,0,0,0,,,,,
3/27/19,Wed,"1,977","1,862",0.88,0,"1,440",0,0,0,0,,,,,
3/28/19,Thu,"1,703","2,942",1.39,0,"1,440",0,0,0,0,,,,,
3/29/19,Fri,"2,463","6,015",2.84,0,"1,440",0,0,0,0,,,,,
3/30/19,Sat,"2,855","11,090",5.23,0,"1,440",0,0,0,0,,,,,
3/31/19,Sun,"3,031","8,423",3.97,0,"1,440",0,0,0,0,,,,,
4/1/19,Mon,"2,405","5,351",2.52,0,"1,440",0,0,0,0,,,,,
4/2/19,Tue,"2,862","7,876",3.71,0,"1,440",0,0,0,0,,,,,
4/3/19,Wed,"2,842","7,774",3.67,0,"1,440",0,0,0,0,,,,,
4/4/19,Thu,"3,170","8,774",4.14,0,"1,440",0,0,0,0,,,,,
4/5/19,Fri,"2,677","7,448",3.51,0,"1,440",0,0,0,0,,,,,
4/6/19,Sat,"3,014","12,317",5.84,0,"1,440",0,0,0,0,,,,,
4/7/19,Sun,"3,097","13,218",6.23,0,"1,440",0,0,0,0,,,,,
4/8/19,Mon,"2,617","5,534",2.61,0,"1,440",0,0,0,0,,,,,
4/9/19,Tue,"2,634","5,083",2.4,0,"1,440",0,0,0,0,,,,,
4/10/19,Wed,"2,231","3,467",1.64,0,"1,440",0,0,0,0,,,,,
4/11/19,Thu,"3,387","11,804",5.99,0,"1,440",0,0,0,0,,,,,
4/12/19,Fri,"2,436","5,342",2.52,0,"1,440",0,0,0,0,,,,,
4/13/19,Sat,"3,163","12,787",6.2,0,"1,440",0,0,0,0,,,,,
4/14/19,Sun,"2,973","11,578",5.46,0,"1,440",0,0,0,0,,,,,
4/15/19,Mon,"2,638","6,807",3.21,0,"1,440",0,0,0,0,,,,,
4/16/19,Tue,"2,646","7,209",3.61,0,"1,440",0,0,0,0,,,,,
4/17/19,Wed,"2,365","3,697",1.74,0,"1,440",0,0,0,0,,,,,
4/18/19,Thu,"2,280","4,357",2.05,0,"1,440",0,0,0,0,,,,,
4/19/19,Fri,"2,471","5,817",2.74,0,"1,440",0,0,0,0,,,,,
4/20/19,Sat,"2,931","11,254",5.31,0,"1,440",0,0,0,0,,,,,
4/21/19,Sun,"3,041","12,835",6.05,0,"1,440",0,0,0,0,,,,,
4/22/19,Mon,"2,815","4,618",2.18,0,"1,440",0,0,0,0,,,,,
4/23/19,Tue,"2,839","4,363",2.06,0,"1,440",0,0,0,0,,,,,
4/24/19,Wed,"2,531","5,714",2.69,0,"1,440",0,0,0,0,,,,,
4/25/19,Thu,"2,618","6,818",3.22,0,"1,440",0,0,0,0,,,,,
4/26/19,Fri,"2,920","7,488",3.53,0,"1,440",0,0,0,0,,,,,
4/27/19,Sat,"3,029","9,996",4.71,0,"1,440",0,0,0,0,,,,,
4/28/19,Sun,"2,698","7,587",3.58,0,"1,357",69,14,0,358,,,,,
4/29/19,Mon,"2,938","8,242",3.89,0,943,285,32,6,"1,505",,,,,
4/30/19,Tue,"2,626","7,027",3.31,0,921,218,28,2,"1,096",,,,,
5/1/19,Wed,"2,599","6,842",3.23,0,664,247,0,0,"1,090",,,,,
5/2/19,Thu,"2,905","10,932",5.16,0,598,285,35,15,"1,505",,,,,
5/3/19,Fri,"2,594","6,578",3.1,0,812,256,0,0,"1,079",,,,,
5/4/19,Sat,"2,890","9,211",4.34,0,712,214,38,24,"1,431",,,,,
5/5/19,Sun,"2,809","6,421",3.03,0,"1,169",230,38,3,"1,244",,,,,
5/6/19,Mon,"2,757","7,223",3.41,0,939,243,29,12,"1,275",,,,,
5/7/19,Tue,"2,533","5,552",2.65,0,916,182,14,5,923,,,,,
5/8/19,Wed,"2,840","5,739",2.71,0,706,270,18,1,"1,256",,,,,
5/9/19,Thu,"2,777","6,033",2.85,0,758,171,58,10,"1,181",,,,,
5/10/19,Fri,"3,172","7,198",3.39,0,763,260,63,14,"1,634",,,,,
5/11/19,Sat,"2,900","6,495",3.06,0,767,301,7,1,"1,402",,,,,
5/12/19,Sun,"2,925","9,439",4.45,0,774,283,23,8,"1,445",,,,,
5/13/19,Mon,"2,829","7,672",3.62,0,861,275,13,0,"1,332",,,,,
5/14/19,Tue,"3,019","7,343",3.46,0,885,234,60,5,"1,497",,,,,
5/15/19,Wed,"2,455","3,771",1.78,0,907,152,31,0,819,,,,,
5/16/19,Thu,"2,609","6,766",3.19,0,969,224,16,0,"1,051",,,,,
5/17/19,Fri,"2,870","8,446",3.98,0,861,256,43,7,"1,420",,,,,
5/18/19,Sat,"2,359","4,884",2.3,0,"1,106",161,13,1,776,,,,,
5/19/19,Sun,"2,965","8,762",4.13,0,785,277,37,6,"1,444",,,,,
5/20/19,Mon,"2,638","6,676",3.15,0,751,222,12,1,"1,045",,,,,
5/21/19,Tue,"2,708","5,315",2.51,0,960,224,32,2,"1,136",,,,,
5/22/19,Wed,"2,739","7,934",3.74,0,869,225,46,1,"1,250",,,,,
5/23/19,Thu,"2,512","5,639",2.66,0,942,186,22,2,937,,,,,
5/24/19,Fri,"3,472","11,897",5.61,0,"1,092",94,167,87,"2,130",,,,,
5/25/19,Sat,"3,022","9,379",4.42,0,"1,056",259,21,0,"1,255",,,,,
5/26/19,Sun,"3,167","14,646",6.91,0,416,233,71,42,"1,778",,,,,
5/27/19,Mon,"3,657","18,622",8.78,0,599,182,104,104,"2,259",,,,,
5/28/19,Tue,"2,957","11,099",5.23,0,598,229,56,12,"1,437",,,,,
5/29/19,Wed,"2,927","6,270",2.96,0,855,182,41,23,"1,348",,,,,
5/30/19,Thu,210,701,0.33,0,86,21,0,0,103,,,,,